Transaction Date,Deposited In,Receipt Mode,Cheque No/Reference/UTR #,Date,Drawn on which Bank?,Branch of Bank,Member Name,Wing,Flat,Receipt Type,Amount,Narration 
06-10-2015,SVC bank,Cheque,46211,30-09-2015,AXIS BANK,NA,,A,303,M,7802,Payment received during Oct-Dec 15
06-10-2015,SVC bank,Cheque,63232,04-10-2015,CORPORATION BANK,NA,,B,403,M,6949,Payment received during Oct-Dec 15
06-10-2015,SVC bank,Cheque,96504,30-09-2015,APNA SAHAKARI BANK,NA,,C,203,M,41618,Payment received during Oct-Dec 15
13-10-2015,SVC bank,Cheque,25805,12-10-2015,PNB,NA,,C,1303,M,29341,Payment received during Oct-Dec 15
13-10-2015,SVC bank,Cheque,6,12-10-2015,HDFC BANK,NA,,C,1501,M,22638,Payment received during Oct-Dec 15
13-10-2015,SVC bank,Cheque,35,10-10-2015,HDFC BANK,NA,,C,1801,M,9648,Payment received during Oct-Dec 15
13-10-2015,SVC bank,Cheque,14369,30-09-2015,UBI,NA,,D,202,M,21942,Payment received during Oct-Dec 15
21-10-2015,SVC bank,Cheque,514139,15-10-2015,SBI,NA,,A,203,M,10276,Payment received during Oct-Dec 15
21-10-2015,SVC bank,Cheque,43880,15-10-2015,AXIS BANK,NA,,B,504,M,10369,Payment received during Oct-Dec 15
21-10-2015,SVC bank,Cheque,521021,12-10-2015,CITI BANK,NA,,C,1802,M,12551,Payment received during Oct-Dec 15
21-10-2015,SVC bank,Cheque,915103,17-10-2015,SBI,NA,,D,304,M,11019,Payment received during Oct-Dec 15
21-10-2015,SVC bank,Cheque,730742,20-10-2015,HDFC BANK,NA,,E,301,M,10369,Payment received during Oct-Dec 15
28-10-2015,SVC bank,Cheque,520831,27-10-2015,ICICI BANK,NA,,A,202,M,10196,Payment received during Oct-Dec 15
28-10-2015,SVC bank,Cheque,431691,25-10-2015,ICICI BANK,NA,,B,302,M,11019,Payment received during Oct-Dec 15
28-10-2015,SVC bank,Cheque,100147,26-10-2015,ABHYUDAYA CO-OP BANK,NA,,B,502,M,10369,Payment received during Oct-Dec 15
28-10-2015,SVC bank,Cheque,4,13-10-2015,HDFC BANK,NA,,C,1602,M,13435,Payment received during Oct-Dec 15
28-10-2015,SVC bank,Cheque,91,20-10-2015,KOTAK BANK,NA,,C,1704,M,13402,Payment received during Oct-Dec 15
28-10-2015,SVC bank,Cheque,855996,13-10-2015,CITI BANK,NA,,C,1902,M,13572,Payment received during Oct-Dec 15
28-10-2015,SVC bank,Cheque,33194,26-10-2015,IDBI BANK,NA,,C,202,M,9648,Payment received during Oct-Dec 15
28-10-2015,SVC bank,Cheque,445516,19-10-2015,SBI,NA,,C,603,M,12551,Payment received during Oct-Dec 15
28-10-2015,SVC bank,Cheque,100028,27-10-2015,ABHYUDAYA CO-OP BANK,NA,,C,703,M,11193,Payment received during Oct-Dec 15
28-10-2015,SVC bank,Cheque,422713,15-10-2015,ICICI BANK,NA,,D,204,M,10883,Payment received during Oct-Dec 15
28-10-2015,SVC bank,Cheque,38,25-10-2015,HDFC BANK,NA,,D,404,M,10246,Payment received during Oct-Dec 15
28-10-2015,SVC bank,Cheque,91,19-10-2015,HDFC BANK,NA,,E,201,M,10246,Payment received during Oct-Dec 15
28-10-2015,SVC bank,Cheque,90,19-10-2015,HDFC BANK,NA,,E,204,M,10246,Payment received during Oct-Dec 15
03-11-2015,SVC bank,Cheque,54209,01-11-2015,ICICI BANK,NA,,A,303,M,11429,Payment received during Oct-Dec 15
03-11-2015,SVC bank,Cheque,81467,01-11-2015,CORPORATION BANK,NA,,A,402,M,10276,Payment received during Oct-Dec 15
03-11-2015,SVC bank,Cheque,716344,01-11-2015,HDFC BANK,NA,,B,304,M,9660,Payment received during Oct-Dec 15
03-11-2015,SVC bank,Cheque,68267,01-11-2015,AXIS BANK,NA,,C,1101,M,13402,Payment received during Oct-Dec 15
03-11-2015,SVC bank,Cheque,104,29-10-2015,HDFC BANK,NA,,C,1104,M,12521,Payment received during Oct-Dec 15
03-11-2015,SVC bank,Cheque,648165,01-11-2015,AXIS BANK,NA,,C,1301,M,12521,Payment received during Oct-Dec 15
03-11-2015,SVC bank,Cheque,469186,01-11-2015,SBI,NA,,C,1304,M,12521,Payment received during Oct-Dec 15
03-11-2015,SVC bank,Cheque,35537,01-11-2015,SBI,NA,,C,1503,M,13402,Payment received during Oct-Dec 15
03-11-2015,SVC bank,Cheque,34171,31-10-2015,ICICI BANK,NA,,C,1904,M,13572,Payment received during Oct-Dec 15
03-11-2015,SVC bank,Cheque,45045,02-11-2015,AXIS BANK,NA,,C,502,M,10665,Payment received during Oct-Dec 15
03-11-2015,SVC bank,Cheque,113,26-10-2015,HDFC BANK,NA,,D,501,M,11019,Payment received during Oct-Dec 15
03-11-2015,SVC bank,Cheque,200981,29-10-2015,AXIS BANK,NA,,E,102,M,11713,Payment received during Oct-Dec 15
03-11-2015,SVC bank,Cheque,238185,29-10-2015,HDFC BANK,NA,,E,504,M,10369,Payment received during Oct-Dec 15
03-11-2015,SVC bank,Cheque,53,31-10-2015,HDFC BANK,NA,,E,601,M,10883,Payment received during Oct-Dec 15
03-11-2015,SVC bank,Cheque,408,28-10-2015,KOTAK BANK,NA,,Shop,14,M,5462,Payment received during Oct-Dec 15
05-11-2015,SVC bank,Cheque,90018,02-11-2015,HSBC BANK,NA,,A,104,M,10644,Payment received during Oct-Dec 15
05-11-2015,SVC bank,Cheque,598121,01-11-2015,ICICI BANK,NA,,A,601,M,27375,Payment received during Oct-Dec 15
05-11-2015,SVC bank,Cheque,36,23-10-2015,HDFC BANK,NA,,C,1204,M,12551,Payment received during Oct-Dec 15
05-11-2015,SVC bank,Cheque,894011,01-11-2015,AXIS BANK,NA,,C,404,M,12551,Payment received during Oct-Dec 15
05-11-2015,SVC bank,Cheque,837782,04-11-2015,YES BANK,NA,,D,603,M,10246,Payment received during Oct-Dec 15
05-11-2015,SVC bank,Cheque,167252,04-11-2015,ACE CO-OP BANK,NA,,E,503,M,10741,Payment received during Oct-Dec 15
05-11-2015,SVC bank,Cheque,1,04-11-2015,BOB,NA,,Shop,17,M,30000,Payment received during Oct-Dec 15
05-11-2015,SVC bank,Cheque,49,04-11-2015,ICICI BANK,NA,,Shop,18,M,51000,Payment received during Oct-Dec 15
10-11-2015,SVC bank,Cheque,7,07-11-2015,HDFC BANK,NA,,A,102,M,10369,Payment received during Oct-Dec 15
10-11-2015,SVC bank,Cheque,297192,10-11-2015,ICICI BANK,NA,,A,103,M,10644,Payment received during Oct-Dec 15
10-11-2015,SVC bank,Cheque,91481,09-11-2015,CBOI,NA,,A,403,M,10916,Payment received during Oct-Dec 15
10-11-2015,SVC bank,Cheque,862427,06-11-2015,SBI,NA,,A,404,M,10246,Payment received during Oct-Dec 15
10-11-2015,SVC bank,Cheque,243797,05-11-2015,IOB,NA,,B,301,M,10369,Payment received during Oct-Dec 15
10-11-2015,SVC bank,Cheque,694903,08-11-2015,ICICI BANK,NA,,B,401,M,10883,Payment received during Oct-Dec 15
10-11-2015,SVC bank,Cheque,68611,11-11-2015,CORPORATION BANK,NA,,B,403,M,10246,Payment received during Oct-Dec 15
10-11-2015,SVC bank,Cheque,253215,09-11-2015,TM BANK LTD,NA,,C,1002,M,12551,Payment received during Oct-Dec 15
10-11-2015,SVC bank,Cheque,739615,07-11-2015,ORIENTAL BOC,NA,,C,1103,M,12521,Payment received during Oct-Dec 15
10-11-2015,SVC bank,Cheque,26878,15-08-2015,ICICI BANK,NA,,C,1404,M,10613,Payment received during Oct-Dec 15
10-11-2015,SVC bank,Cheque,26877,15-08-2015,ICICI BANK,NA,,C,1603,M,9648,Payment received during Oct-Dec 15
10-11-2015,SVC bank,Cheque,829150,09-11-2015,CATHOLIC SYRIAN BANK,NA,,C,402,M,12551,Payment received during Oct-Dec 15
10-11-2015,SVC bank,Cheque,100029,10-11-2015,ABHYUDAYA BANK,NA,,C,703,M,13402,Payment received during Oct-Dec 15
10-11-2015,SVC bank,Cheque,91,07-11-2015,STANDARD CHARTERED,NA,,D,203,M,10611,Payment received during Oct-Dec 15
10-11-2015,SVC bank,Cheque,40671,10-11-2015,VAISHYA SH.BANK LTD,NA,,D,502,M,11011,Payment received during Oct-Dec 15
10-11-2015,SVC bank,Cheque,107431,03-11-2015,SBI,NA,,E,202,M,10916,Payment received during Oct-Dec 15
10-11-2015,SVC bank,Cheque,922333,22-10-2015,VIJAYA BANK,NA,,E,303,M,11019,Payment received during Oct-Dec 15
10-11-2015,SVC bank,Cheque,149443,09-11-2015,S.B.PATIALA,NA,,E,402,M,10276,Payment received during Oct-Dec 15
14-11-2015,SVC bank,NEFT,NEFT,16-11-2015,,NA,,D,102,M,10369,Payment received during Oct-Dec 15
15-11-2015,SVC bank,Cheque,433678,12-11-2015,IDBI BANK,NA,,A,302,M,14632,Payment received during Oct-Dec 15
15-11-2015,SVC bank,Cheque,9798,15-11-2015,ICICI BANK,NA,,A,304,M,11019,Payment received during Oct-Dec 15
15-11-2015,SVC bank,Cheque,188427,15-11-2015,AXIS BANK,NA,,A,501,M,10369,Payment received during Oct-Dec 15
15-11-2015,SVC bank,Cheque,599817,15-11-2015,SBI,NA,,A,502,M,10741,Payment received during Oct-Dec 15
15-11-2015,SVC bank,Cheque,642356,14-11-2015,SBI,NA,,A,602,M,10916,Payment received during Oct-Dec 15
15-11-2015,SVC bank,Cheque,410986,15-11-2015,CITI BANK,NA,,B,102,M,28980,Payment received during Oct-Dec 15
15-11-2015,SVC bank,Cheque,327020,11-11-2015,SBI,NA,,B,103,M,10369,Payment received during Oct-Dec 15
15-11-2015,SVC bank,Cheque,223140,15-11-2015,AXIS BANK,NA,,B,202,M,10300,Payment received during Oct-Dec 15
15-11-2015,SVC bank,Cheque,28,14-11-2015,HDFC BANK,NA,,B,402,M,10246,Payment received during Oct-Dec 15
15-11-2015,SVC bank,Cheque,10915,14-11-2015,UBI,NA,,B,404,M,10246,Payment received during Oct-Dec 15
15-11-2015,SVC bank,Cheque,70224,22-10-2015,HDFC BANK,NA,,B,501,M,11019,Payment received during Oct-Dec 15
15-11-2015,SVC bank,Cheque,489218,12-11-2015,SBI,NA,,B,503,M,10369,Payment received during Oct-Dec 15
15-11-2015,SVC bank,Cheque,100146,10-11-2015,ABHYUDAYA BANK,NA,,B,601,M,12040,Payment received during Oct-Dec 15
15-11-2015,SVC bank,Cheque,173948,14-11-2015,ICICI BANK,NA,,B,603,M,10610,Payment received during Oct-Dec 15
15-11-2015,SVC bank,Cheque,308696,14-11-2015,SBI,NA,,C,1001,M,12551,Payment received during Oct-Dec 15
15-11-2015,SVC bank,Cheque,716909,14-11-2015,SBI,NA,,C,1004,M,12551,Payment received during Oct-Dec 15
15-11-2015,SVC bank,Cheque,738952,15-11-2015,SBI,NA,,C,102,M,13013,Payment received during Oct-Dec 15
15-11-2015,SVC bank,Cheque,307607,15-11-2015,PNB,NA,,C,1202,M,12551,Payment received during Oct-Dec 15
15-11-2015,SVC bank,Cheque,951052,17-11-2015,CANARA BANK,NA,,C,1204,M,13248,Payment received during Oct-Dec 15
15-11-2015,SVC bank,Cheque,22,14-11-2015,LAKSHMI VILAS BANK,NA,,C,1402,M,12551,Payment received during Oct-Dec 15
15-11-2015,SVC bank,Cheque,29397,11-11-2015,ICICI BANK,NA,,C,1404,M,13992,Payment received during Oct-Dec 15
15-11-2015,SVC bank,Cheque,100322,02-11-2015,STATE BANK OF TRAVAN.,NA,,C,1502,M,13000,Payment received during Oct-Dec 15
15-11-2015,SVC bank,Cheque,55,15-11-2015,HDFC BANK,NA,,C,1504,M,12521,Payment received during Oct-Dec 15
15-11-2015,SVC bank,Cheque,29396,11-11-2015,ICICI BANK,NA,,C,1603,M,13058,Payment received during Oct-Dec 15
15-11-2015,SVC bank,Cheque,663219,13-11-2015,SBI,NA,,C,1701,M,13400,Payment received during Oct-Dec 15
15-11-2015,SVC bank,Cheque,64179,11-11-2015,FEDERAL BANK,NA,,C,1702,M,13402,Payment received during Oct-Dec 15
15-11-2015,SVC bank,Cheque,37,12-11-2015,HDFC BANK,NA,,C,1801,M,2903,Payment received during Oct-Dec 15
15-11-2015,SVC bank,Cheque,83639,11-11-2015,HDFC BANK,NA,,C,1901,M,12674,Payment received during Oct-Dec 15
15-11-2015,SVC bank,Cheque,623840,14-11-2015,SBI,NA,,C,301,M,13402,Payment received during Oct-Dec 15
15-11-2015,SVC bank,Cheque,687032,09-11-2015,YES BANK,NA,,C,303,M,12521,Payment received during Oct-Dec 15
15-11-2015,SVC bank,Cheque,448417,10-11-2015,ICICI BANK,NA,,C,304,M,12521,Payment received during Oct-Dec 15
15-11-2015,SVC bank,Cheque,570703,13-11-2015,SBI,NA,,C,403,M,12551,Payment received during Oct-Dec 15
15-11-2015,SVC bank,Cheque,541734,12-11-2015,SBI,NA,,C,701,M,12521,Payment received during Oct-Dec 15
15-11-2015,SVC bank,Cheque,154975,14-11-2015,AXIS BANK,NA,,C,801,M,12551,Payment received during Oct-Dec 15
15-11-2015,SVC bank,Cheque,612880,13-11-2015,HDFC BANK,NA,,C,803,M,9648,Payment received during Oct-Dec 15
15-11-2015,SVC bank,Cheque,26,12-11-2015,HDFC BANK,NA,,C,902,M,13402,Payment received during Oct-Dec 15
15-11-2015,SVC bank,Cheque,38752,14-11-2015,PNB,NA,,C,903,M,12521,Payment received during Oct-Dec 15
15-11-2015,SVC bank,Cheque,11,15-11-2015,LAKSHMI VILAS BANK,NA,,C,904,M,10147,Payment received during Oct-Dec 15
15-11-2015,SVC bank,Cheque,176758,13-11-2015,IDBI BANK,NA,,D,302,M,10369,Payment received during Oct-Dec 15
15-11-2015,SVC bank,Cheque,35967,15-11-2015,AXIS BANK,NA,,D,401,M,10246,Payment received during Oct-Dec 15
15-11-2015,SVC bank,Cheque,15,15-11-2015,HDFC BANK,NA,,D,402,M,10883,Payment received during Oct-Dec 15
15-11-2015,SVC bank,Cheque,574353,14-11-2015,SOUTH INDIAN BANK,NA,,D,503,M,10400,Payment received during Oct-Dec 15
15-11-2015,SVC bank,Cheque,333883,13-11-2015,BOM,NA,,D,602,M,10246,Payment received during Oct-Dec 15
15-11-2015,SVC bank,Cheque,923865,15-11-2015,CANARA BANK,NA,,E,103,M,10246,Payment received during Oct-Dec 15
15-11-2015,SVC bank,Cheque,639106,14-11-2015,SBI,NA,,E,203,M,10276,Payment received during Oct-Dec 15
15-11-2015,SVC bank,Cheque,20,10-11-2015,HDFC BANK,NA,,E,302,M,10369,Payment received during Oct-Dec 15
15-11-2015,SVC bank,Cheque,450397,14-11-2015,SBI,NA,,E,304,M,10369,Payment received during Oct-Dec 15
15-11-2015,SVC bank,Cheque,578965,05-11-2015,AXIS BANK,NA,,E,401,M,10246,Payment received during Oct-Dec 15
15-11-2015,SVC bank,Cheque,27276,15-11-2015,BOI,NA,,E,404,M,10246,Payment received during Oct-Dec 15
25-11-2015,SVC bank,Cheque,326968,22-11-2015,IDBI BANK,NA,,A,503,M,10369,Payment received during Oct-Dec 15
25-11-2015,SVC bank,Cheque,9,15-11-2015,KOTAK BANK,NA,,A,603,M,19389,Payment received during Oct-Dec 15
25-11-2015,SVC bank,Cheque,84,15-11-2015,BOB,NA,,C,1102,M,22638,Payment received during Oct-Dec 15
25-11-2015,SVC bank,Cheque,53467,30-10-2015,CORPORATION BANK,NA,,C,1201,M,12551,Payment received during Oct-Dec 15
25-11-2015,SVC bank,Cheque,472541,16-11-2015,IOB,NA,,C,1803,M,12551,Payment received during Oct-Dec 15
25-11-2015,SVC bank,Cheque,64,10-11-2015,HDFC BANK,NA,,C,401,M,13435,Payment received during Oct-Dec 15
25-11-2015,SVC bank,Cheque,71391,15-11-2015,CANARA BANK,NA,,C,501,M,2909,Payment received during Oct-Dec 15
25-11-2015,SVC bank,Cheque,38753,14-11-2015,PNB BANK,NA,,C,903,M,12521,Payment received during Oct-Dec 15
25-11-2015,SVC bank,Cheque,12,15-11-2015,PMC BANK,NA,,E,403,M,10916,Payment received during Oct-Dec 15
25-11-2015,SVC bank,Cheque,392627,06-11-2015,TMB LTD,NA,,Shop,10,M,4651,Payment received during Oct-Dec 15
25-11-2015,SVC bank,Cheque,318310,07-11-2015,TMB LTD,NA,,Shop,13,M,4651,Payment received during Oct-Dec 15
04-12-2015,SVC bank,Cheque,731568,02-12-2015,SBI,NA,,B,303,M,22000,Payment received during Oct-Dec 15
04-12-2015,SVC bank,Cheque,786611,01-12-2015,VIJAYA BANK,NA,,C,1601,M,25162,Payment received during Oct-Dec 15
04-12-2015,SVC bank,Cheque,518240,10-11-2015,ICICI BANK,NA,,C,501,M,9612,Payment received during Oct-Dec 15
04-12-2015,SVC bank,Cheque,400,30-11-2015,HSBC BANK,NA,,C,601,M,13942,Payment received during Oct-Dec 15
09-12-2015,SVC bank,Cheque,623791,07-12-2015,CANARA BANK,NA,,C,302,M,13402,Payment received during Oct-Dec 15
09-12-2015,SVC bank,Cheque,320583,06-12-2015,ICICI BANK,NA,,D,201,M,10883,Payment received during Oct-Dec 15
09-12-2015,SVC bank,Cheque,49241,05-12-2015,AXIS BANK,NA,,Shop,3,M,101426,Payment received during Oct-Dec 15
09-12-2015,SVC bank,Cheque,49242,05-12-2015,AXIS BANK,NA,,Shop,4,M,101426,Payment received during Oct-Dec 15
10-12-2015,SVC bank,Cheque,593220,09-12-2015,SBI,NA,,B,204,M,10246,Payment received during Oct-Dec 15
10-12-2015,SVC bank,Cheque,100096,10-12-2015,SDC BANK,NA,,Shop,7,M,141132,Payment received during Oct-Dec 15
10-12-2015,SVC bank,Cheque,100097,10-12-2015,SDC BANK,NA,,Shop,8,M,142763,Payment received during Oct-Dec 15
15-12-2015,SVC bank,Cheque,33,15-12-2015,HDFC BANK,NA,,Office,2,M,4770,Payment received during Oct-Dec 15
15-12-2015,SVC bank,Cheque,33,15-12-2015,HDFC BANK,NA,,Office,3,M,4310,Payment received during Oct-Dec 15
15-12-2015,SVC bank,Cheque,33,15-12-2015,HDFC BANK,NA,,Office,4,M,4310,Payment received during Oct-Dec 15
15-12-2015,SVC bank,Cheque,33,15-12-2015,HDFC BANK,NA,,Office,5,M,4310,Payment received during Oct-Dec 15
15-12-2015,SVC bank,Cheque,33,15-12-2015,HDFC BANK,NA,,Office,6,M,4310,Payment received during Oct-Dec 15
15-12-2015,SVC bank,Cheque,33,15-12-2015,HDFC BANK,NA,,Office,7,M,4310,Payment received during Oct-Dec 15
15-12-2015,SVC bank,Cheque,33,15-12-2015,HDFC BANK,NA,,Office,8,M,4310,Payment received during Oct-Dec 15
15-12-2015,SVC bank,Cheque,33,15-12-2015,HDFC BANK,NA,,Office,9,M,4310,Payment received during Oct-Dec 15
15-12-2015,SVC bank,Cheque,33,15-12-2015,HDFC BANK,NA,,Office,10,M,4310,Payment received during Oct-Dec 15
15-12-2015,SVC bank,Cheque,33,15-12-2015,HDFC BANK,NA,,Office,11,M,4310,Payment received during Oct-Dec 15
15-12-2015,SVC bank,Cheque,33,15-12-2015,HDFC BANK,NA,,Office,12,M,4310,Payment received during Oct-Dec 15
15-12-2015,SVC bank,Cheque,33,15-12-2015,HDFC BANK,NA,,Office,13,M,4310,Payment received during Oct-Dec 15
15-12-2015,SVC bank,Cheque,33,15-12-2015,HDFC BANK,NA,,Office,14,M,4310,Payment received during Oct-Dec 15
15-12-2015,SVC bank,Cheque,33,15-12-2015,HDFC BANK,NA,,Office,15,M,4310,Payment received during Oct-Dec 15
15-12-2015,SVC bank,Cheque,33,15-12-2015,HDFC BANK,NA,,Office,16,M,4310,Payment received during Oct-Dec 15
15-12-2015,SVC bank,Cheque,33,15-12-2015,HDFC BANK,NA,,Office,17,M,4310,Payment received during Oct-Dec 15
15-12-2015,SVC bank,Cheque,33,15-12-2015,HDFC BANK,NA,,Office,18,M,4770,Payment received during Oct-Dec 15
15-12-2015,SVC bank,Cheque,33,15-12-2015,HDFC BANK,NA,,Office,1,M,4770,Payment received during Oct-Dec 15
16-12-2015,SVC bank,Cheque,10,04-12-2015,HDFC BANK,NA,,A,201,M,10236,Payment received during Oct-Dec 15
16-12-2015,SVC bank,Cheque,32,06-12-2015,HDFC BANK,NA,,E,104,M,60000,Payment received during Oct-Dec 15
16-12-2015,SVC bank,Cheque,563702,10-12-2015,ICICI BANK,NA,,E,603,M,25000,Payment received during Oct-Dec 15
22-12-2015,SVC bank,Cheque,673479,22-12-2015,ICICI BANK,NA,,C,1003,M,13435,Payment received during Oct-Dec 15
22-12-2015,SVC bank,Cheque,977,22-12-2015,SCB,NA,,C,101,M,13013,Payment received during Oct-Dec 15
29-12-2015,SVC bank,Cheque,18,29-12-2015,HDFC BANK,NA,,D,303,M,45000,Payment received during Oct-Dec 15
31-12-2015,SVC bank,Cheque,93961,31-12-2015,SBI,NA,,A,301,M,25000,Payment received during Oct-Dec 15
31-12-2015,SVC bank,Cheque,495896,31-12-2015,ICICI BANK,NA,,C,204,M,50000,Payment received during Oct-Dec 15
